<!DOCTYPE SimulIDE>

<parts>
  <sleep name="SLEEP" configregsA="SMCR"/>
  
  <port name="PORTB" pins="8" outreg="PORTB" inreg="PINB" dirreg="DDRB" clockpins="PORTB6,PORTB7">
    <interrupt name="PCINT0" mask="PCMSK0"/>
  </port>

  <port name="PORTC" pins="7" outreg="PORTC" inreg="PINC" dirreg="DDRC" resetpin="PORTC6">
    <interrupt name="PCINT1" mask="PCMSK1"/>
  </port>

  <port name="PORTD" pins="8" outreg="PORTD" inreg="PIND" dirreg="DDRD">
    <interrupt name="PCINT2" mask="PCMSK2"/>
    <extint    name="INT0" pin="PORTD2" configbits="ISC00,ISC01"/>
    <extint    name="INT1" pin="PORTD3" configbits="ISC10,ISC11"/>
  </port>

  <timer name="TIMER0" type="800" configregsA="TCCR0A" configregsB="TCCR0B"
                       counter="TCNT0" 
                       clockpin="PORTD4" 
                       interrupt="T0_OVF"
                       prescalers="0,1,8,64,256,1024,EXT_F,EXT_R" 
                       prselect="CS00,CS01,CS02" >
    
    <ocunit name="OC0A" pin="PORTD6" ocreg="OCR0A" bits="COM0A0,COM0A1" interrupt="T0COA" />
    <ocunit name="OC0B" pin="PORTD5" ocreg="OCR0B" bits="COM0B0,COM0B1" interrupt="T0COB" />
  </timer>

  <timer name="TIMER1" type="160" configregsA="TCCR1A" configregsB="TCCR1B"
                       counter="TCNT1L,TCNT1H" 
                       clockpin="PORTD5" 
                       interrupt="T1_OVF"
                       prescalers="0,1,8,64,256,1024,EXT_F,EXT_R" 
                       prselect="CS10,CS11,CS12" >
    
    <ocunit name="OC1A" pin="PORTB1" ocreg="OCR1AL,OCR1AH" bits="COM1A0,COM1A1" interrupt="T1COA" />
    <ocunit name="OC1B" pin="PORTB2" ocreg="OCR1BL,OCR1BH" bits="COM1B0,COM1B1" interrupt="T1COB" />
    <icunit name="IC1"  pin="PORTB0" icreg="ICR1L,ICR1H"   bits="ICES1,ICNC1"   interrupt="T1CAP" />
  </timer>

  <timer name="TIMER2" type="820" configregsA="TCCR2A" configregsB="TCCR2B"
                       counter="TCNT2" 
                       interrupt="T2_OVF"
                       prescalers="0,1,8,32,64,128,256,1024" 
                       prselect="CS20,CS21,CS22">
    
    <ocunit name="OC2A" pin="PORTB3" ocreg="OCR2A" bits="COM2A0,COM2A1" interrupt="T2COA" />
    <ocunit name="OC2B" pin="PORTD3" ocreg="OCR2B" bits="COM2B0,COM2B1" interrupt="T2COB" /> 
  </timer>

  <usart name="USART0" number="1" configregsA="UCSR0A" configregsB="UCSR0B" configregsC="UCSR0C"
                       interrupt="USART_U">
                                   
    <trunit type="tx" pin="PORTD1" register="UDR0" interrupt="USART_T" />
    <trunit type="rx" pin="PORTD0"                 interrupt="USART_R" />
  </usart>

  <port name="PORTV" pins="4"/> <!-- Fake Port for aVcc, aRef, ADC6, ADC7 -->
  <adc name="ADC" type="00" bits="10" configregsA="ADCSRA" configregsB="ADCSRB"
                  dataregs="ADCL,ADCH"
                  multiplex="ADMUX"
                  interrupt="ADC"
                  prescalers="2,2,4,8,16,32,64,128"
                  adcpins="PORTC0,PORTC1,PORTC2,PORTC3,PORTC4,PORTC5,PORTV2,PORTV3" />

  <twi name="TWI"  configregsA="TWCR" configregsB="TWBR" 
                   dataregs="TWDR" 
                   addressreg="TWAR"
                   statusreg="TWSR" 
                   interrupt="TWI"
                   prescalers="1,4,16,64"
                   pins="PORTC4,PORTC5" /><!-- "SDA,SCL" -->

  <spi name="SPI"  configregsA="SPCR" 
                   dataregs="SPDR" 
                   statusreg="SPSR"
                   interrupt="SPI" 
                   prescalers="4,16,64,128,2,8,32,64"
                   pins="PORTB3,PORTB4,PORTB5,PORTB2" /><!-- "MOSI,MISO,SCK,SS" -->

  <wdt  name="WDT00" configregsA="WDTCSR" 
                     interrupt="WDT"
                     prescalers="512,256,128,64,32,16,8,4,2,1,1,1,1,1,1,1"/>

  <rom  name="ROM"  configregsA="EECR"
                    dataregs="EEDR" 
                    addressreg="EEARL,EEARH" 
                    interrupt="EEPR" />

  <comp name="COMP" configregsA="ACSR" configbitsB="AIN0D,AIN1D"
                    interrupt="ACOMP" 
                    pins="PORTD6,PORTD7" />
</parts>
