<!DOCTYPE SimulIDE>

<itemlib>
  <tag>QT_TRANSLATE_NOOP("xmlfile","Ternary")</tag>
    
    <itemset category="Logic/Ternary" type="Subcircuit" folder="ICs" icon="subc.png">
    <item name="T_NOT"    info=" ternary logic NOT" /> 
    <item name="T_Buffer" info=" ternary logic buffer" /> 
    <item name="T_Mux"    info=" ternary logic multiplexer" /> 
    <item name="T_AND"    info=" ternary logic AND" /> 
    <item name="T_NAND"   info=" ternary logic NAND" /> 
    <item name="T_OR"     info=" ternary logic OR" /> 
    <item name="T_NOR"    info=" ternary logic NOR" /> 
  </itemset>
</itemlib>

