﻿<!DOCTYPE SimulIDE>

<itemlib>
    <tag>QT_TRANSLATE_NOOP("xmlfile","Digital Potentiometer")</tag>
    
    <itemset category="Logic/Digital Potentiometer" type="Subcircuit" folder="dig_pot" icon="ic2.png" >
        
        <item name="AD5160_100"  folder="dig_pot" info=" 256-Tap Digital SPI Compatible Digital Potentiometer, 100 kOhm" /> 
        <item name="AD5160_50"   folder="dig_pot" info=" 256-Tap Digital SPI Compatible Digital Potentiometer, 50 kOhm" /> 
        <item name="AD5227_100"  folder="dig_pot" info=" 64-Tap Digital CS-U/!D-Inc Control Potentiometer, 100 kOhm" />   
        <item name="AD5227_50"   folder="dig_pot" info=" 64-Tap Digital CS-U/!D-Inc Control Potentiometer, 50 kOhm" /> 
        <item name="AD5227_10"   folder="dig_pot" info=" 64-Tap Digital CS-U/!D-Inc Control Potentiometer, 10 kOhm" /> 
        <item name="AD5247_100"  folder="dig_pot" info=" 128-Tap Digital I2C Compatible Digital Potentiometer, 100 kOhm" /> 
        <item name="AD5247_50"   folder="dig_pot" info=" 128-Tap Digital I2C Compatible Digital Potentiometer, 50 kOhm" /> 
        <item name="CAT5115_100" folder="dig_pot" info=" 32-Tap Digital CS-U/!D-Inc Control Potentiometer, 100 kOhm" />    
        <item name="CAT5115_50"  folder="dig_pot" info=" 32-Tap Digital CS-U/!D-Inc Control Potentiometer, 50 kOhm" />    
        <item name="CAT5115_10"  folder="dig_pot" info=" 32-Tap Digital CS-U/!D-Inc Control Potentiometer, 10 kOhm" />
        <item name="CAT5125_100" folder="dig_pot" info=" 32-Tap Digital Potentiometer With 2 Wire Interface, 100 kOhm" /> 
        <item name="CAT5125_50"  folder="dig_pot" info=" 32-Tap Digital Potentiometer With 2 Wire Interface, 50 kOhm" /> 
        <item name="CAT5125_10"  folder="dig_pot" info=" 32-Tap Digital Potentiometer With 2 Wire Interface, 10 kOhm" /> 
        <item name="CAT5128_100" folder="dig_pot" info=" 32-Tap Digital Up/Down Control Potentiometer, 100 kOhm" />
        <item name="CAT5128_50"  folder="dig_pot" info=" 32-Tap Digital Up/Down Control Potentiometer, 50 kOhm" />
        <item name="CAT5128_10"  folder="dig_pot" info=" 32-Tap Digital Up/Down Control Potentiometer, 10 kOhm" />
        <item name="CAT5171_100" folder="dig_pot" info=" 256-Tap Digital  I2C Compatible Digital Potentiometer, 100 kOhm" />
        <item name="CAT5171_50"  folder="dig_pot" info=" 256-Tap Digital  I2C Compatible Digital Potentiometer, 50 kOhm" />
        <item name="MCP4011_50"  folder="dig_pot" info=" 64-Tap Digital Potentiometer With 2 Wire Interface wo overflow, 50 kOhm" /> 
        <item name="MCP4011_10"  folder="dig_pot" info=" 64-Tap Digital Potentiometer With 2 Wire Interface wo overflow, 10 kOhm" /> 
        <item name="MCP4011_5"   folder="dig_pot" info=" 64-Tap Digital Potentiometer With 2 Wire Interface wo overflow, 5 kOhm" /> 
        <item name="TPL8002_25"  folder="dig_pot" info=" Tandem 64-tap Digital Potentiometer " />    
        

    </itemset>

</itemlib>
