<!DOCTYPE SimulIDE>

<itemlib>
  <tag>QT_TRANSLATE_NOOP("xmlfile","Led display")</tag>
    
  <itemset category="Logic/Led display" type="Subcircuit" icon=":/7segbcd.png" >
      
     <item name="1bit_led_scc" folder="led_display" info="1-Bit Led digital Tube module (74hc595, com. cathode, static)" /> 
  <item name="1bit_led_sca" folder="led_display" info="1-Bit Led digital Tube module (74hc595, com. anode, static)" /> 
  <item name="2bit_led_scc" folder="led_display" info="2-Bit Led digital Tube module (74hc595, com. cathode, static)" /> 
  <item name="2bit_led_sca" folder="led_display" info="2-Bit Led digital Tube module (74hc595, com. anode, static)" /> 
  <item name="3bit_led_scc" folder="led_display" info="3-Bit Led digital Tube module (74hc595, com. cathode, static)" /> 
  <item name="3bit_led_sca" folder="led_display" info="3-Bit Led digital Tube module (74hc595, com. anode, static)" /> 
  <item name="4bit_led_scc" folder="led_display" info="4-Bit Led digital Tube module (74hc595, com. cathode, static)" /> 
  <item name="4bit_led_sca" folder="led_display" info="4-Bit Led digital Tube module (74hc595, com. anode, static)" /> 
  <item name="2x4bit_led_ca" folder="led_display" info="2x4-Bit Led digital Tube module (74hc164, com. anode, dynamic)" /> 
  <item name="2x4bit_led_cc" folder="led_display" info="2x4-Bit Led digital Tube module (74hc164, com. cathode, dynamic)" /> 
  <item name="4bit_led_ca" folder="led_display" info="4-Bit Led digital Tube module (74hc595, com. anode, dynamic)" /> 
  <item name="8bit_led_ca" folder="led_display" info="8-Bit Led digital Tube module (74hc595, com. anode), dynamic" /> 
  <item name="4bit_led_cc" folder="led_display" info="4-Bit Led digital Tube module (74hc595, com. cathode, dynamic)" /> 
  <item name="8bit_led_cc" folder="led_display" info="8-Bit Led digital Tube module (74hc595, com. cathode, dynamic)" /> 
  <item name="8x8_led_595" folder="led_display" info="8x8 matrix (74hc595, dynamic)" /> 
  <item name="8x8_hs_static" folder="led_display" info="8x8 matrix, horisontal scan, static" /> 
  <item name="8x8_vs_static" folder="led_display" info="8x8 matrix, vertical scan, static" /> 
  <item name="8x8_rgb_cc" folder="led_display" info="8x8 RGB matrix common cathode" /> 
  <item name="8x8_rgb_ca" folder="led_display" info="8x8 RGB matrix common anode" /> 


  </itemset>

</itemlib>
