<parts>
    <interrupts enable="GIE">
        <interrupt name="RESET"                                  priority="1" vector="0x0000"/>
        <interrupt name="INT"      enable="INTE"   flag="INTF"   priority="1" vector="0x0004"/>
        <interrupt name="T0_OVF"   enable="T0IE"   flag="T0IF"   priority="1" vector="0x0004"/>
        <interrupt name="PB_INT"   enable="RBIE"   flag="RBIF"   priority="1" vector="0x0004"/>
        <interrupt name="USART_R"  enable="RCIE"   flag="RCIF"   priority="1" vector="0x0004"/>
        <interrupt name="USART_T"  enable="TXIE"   flag="TXIF"   priority="1" vector="0x0004"/>
        <interrupt name="CCP1"     enable="CCP1IE" flag="CCP1IF" priority="1" vector="0x0004"/>
        <interrupt name="CCP2"     enable="CCP2IE" flag="CCP2IF" priority="1" vector="0x0004"/>
        <interrupt name="T1_OVF"   enable="TMR1IE" flag="TMR1IF" priority="1" vector="0x0004"/>
        <interrupt name="T2_MATCH" enable="TMR2IE" flag="TMR2IF" priority="1" vector="0x0004"/>
        <interrupt name="EEPR"     enable="EEIE"   flag="EEIF"   priority="1" vector="0x0004"/>
        <interrupt name="ADC"      enable="ADIE"   flag="ADIF"   priority="1" vector="0x0004"/>
    </interrupts>
</parts>
